"DIPL_OBJ_ID","DIPL_CODE","DIPL_NOM"
6673,"1",Bachelier en philosophie
6674,"2",Master en philosophie
6675,"3",Master en éthique
6676,"4",Bachelier en sciences des religions
6677,"5",Master en sciences des religions
6678,"6",Bachelier en sciences des religions et de la laïcité
6679,"7",Master en sciences des religions et de la laïcité
6680,"8",Bachelier en sciences religieuses
6681,"9",Master en théologie
6682,"10",Master en études bibliques
6683,"11","Bachelier en langues et lettres françaises et romanes, orientation générale"
6684,"12","Master en langues et lettres françaises et romanes, orientation générale "
6685,"13","Master en langues et lettres françaises et romanes, orientation français langue étrangère"
6686,"14","Bachelier en langues et lettres modernes, orientation arabes"
6687,"15","Master en langues et lettres modernes, orientation arabes"
6688,"16","Bachelier en langues et lettres modernes, orientation générale"
6689,"17","Master en langues et lettres modernes, orientation générale"
6690,"18","Bachelier en langues et lettres modernes, orientation germaniques"
6691,"19","Master en langues et lettres modernes, orientation germaniques"
6692,"20","Bachelier en langues et lettres modernes, orientation orientales"
6693,"21","Master en langues et lettres modernes, orientation orientales"
6694,"22","Bachelier en langues et lettres modernes, orientation slaves"
6695,"23","Master en langues et lettres modernes, orientation slaves"
6696,"24",Bachelier en traduction et interprétation
6697,"25",Master en interprétation
6698,"26",Master en traduction
6699,"27",Master en linguistique
6700,"28","Bachelier en langues et lettres anciennes, orientation classiques"
6701,"29","Master en langues et lettres anciennes, orientation classiques "
6702,"30","Bachelier en langues et lettres anciennes, orientation orientales"
6703,"31","Master en langues et lettres anciennes, orientation orientales "
6704,"32",Bachelier en langues et lettres anciennes et modernes
6705,"33",Master en langues et lettres anciennes et modernes 
6706,"34",Master de spécialisation en langues et civilisations africaines
6707,"35",Master de spécialisation en linguistique appliquée
6708,"36",Master de spécialisation en sciences du langage
6709,"37",Bachelier en histoire
6710,"38",Master en histoire
6711,"39","Bachelier en histoire de l'art et archéologie, orientation générale"
6712,"40","Master en histoire de l'art et archéologie, orientation générale "
6713,"41","Master en histoire de l'art et archéologie, orientation archéométrie"
6714,"42","Bachelier en histoire de l'art et archéologie, orientation musicologie"
6715,"43","Master en histoire de l'art et archéologie, orientation musicologie"
6716,"44",Master de spécialisation en cultures visuelles
6717,"45",Bachelier : bibliothécaire-documentaliste
6718,"46",Bachelier en communication
6719,"47",Bachelier en écriture multimédia
6720,"48",Bachelier de spécialisation en gestion des ressources documentaires multimédia
6721,"49",Bachelier en communication appliquée
6722,"50",Master en communication appliquée - animation socioculturelle et éducation permanente
6723,"51",Master en communication appliquée spécialisée - animation socioculturelle et éducation permanente
6724,"52",Master en communication appliquée spécialisée - éducation aux médias
6725,"53",Master en communication appliquée - publicité et communication commerciale
6726,"54",Master en communication appliquée spécialisée - publicité et communication commerciale
6727,"55",Master en communication appliquée - relations publiques
6728,"56",Master en communication appliquée spécialisée - relations publiques
6729,"57",Master en communication - management d'événements
6730,"58",Master en presse et information
6731,"59",Master en presse et information spécialisées
6732,"60",Bachelier en information et communication
6733,"61",Master en information et communication
6734,"62",Master en journalisme
6735,"63",Master en communication
6736,"64",Master en communication multilingue
6737,"65",Master en sciences et technologies de l'information et de la communication
6738,"66",Master en stratégie et analyse de la communication interactive et collaborative
6739,"67",Bachelier : assistant social
6740,"68",Bachelier : conseiller social
6741,"69",Bachelier en écologie sociale
6742,"70",Bachelier en gestion des ressources humaines
6743,"71",Bachelier de spécialisation en gestion du social
6744,"72",Bachelier de spécialisation en médiation
6745,"73",Bachelier de spécialisation en sciences et techniques du jeu
6746,"74",Bachelier de spécialisation en travail psychosocial en santé mentale
6747,"75",Master en ingénierie et action sociales
6748,"76",Master en ingénierie de la prévention et de la gestion des conflits
6749,"77",Master en transitions et innovations sociales
6750,"78",Master en gestion des ressources humaines
6751,"79",Bachelier en sciences humaines et sociales
6752,"80",Master en politique économique et sociale
6753,"81","Bachelier en sciences politiques, orientation générale"
6754,"82","Master en sciences politiques, orientation générale"
6755,"83","Master en sciences politiques, orientation relations internationales"
6756,"84",Master en études européennes
6757,"85",Master en administration publique
6758,"86",Bachelier en sociologie et anthropologie
6759,"87",Master en sociologie et anthropologie
6760,"88",Master en sociologie 
6761,"89",Master en anthropologie
6762,"90",Master en sciences du travail
6763,"91",Master en sciences de la population et du développement
6764,"92",Master de spécialisation en action humanitaire internationale
6765,"93",Master de spécialisation en analyse interdisciplinaire de la construction européenne
6766,"94","Master de spécialisation en développement, environnement et sociétés"
6767,"95",Master de spécialisation en études de genre
6768,"96",Master de spécialisation en méthodes quantitatives en sciences sociales
6769,"97",Master de spécialisation en sociologie-anthropologie
6770,"98",Bachelier en assurances
6771,"99",Bachelier en droit
6772,"100",Bachelier en droit
6773,"101",Master en droit
6774,"102",Master de spécialisation en droit économique
6775,"103",Master de spécialisation en droit européen
6776,"104",Master de spécialisation en droit de l'environnement et droit public immobilier
6777,"105",Master de spécialisation en droit des technologies de l'information et de la communication
6778,"106",Master de spécialisation en droit fiscal
6779,"107",Master de spécialisation en droit international
6780,"108",Master de spécialisation en droit public et administratif
6781,"109",Master de spécialisation en droit social
6782,"110",Master de spécialisation en droits de l'homme
6783,"111",Master de spécialisation en notariat
6784,"112",Master en criminologie
6785,"113",Bachelier : assistant de direction
6786,"114",Bachelier en commerce et développement
6787,"115",Bachelier en commerce extérieur
6788,"116",Bachelier en comptabilité
6789,"117",Bachelier : conseiller en développement durable
6790,"118",Bachelier en coopération internationale
6791,"119",Bachelier en e-business
6792,"120",Bachelier en gestion hôtelière
6793,"121",Bachelier en immobilier
6794,"122",Bachelier en management de la logistique
6795,"123",Bachelier en management du tourisme et des loisirs
6796,"124",Bachelier en marketing
6797,"125",Bachelier en relations publiques
6798,"126",Bachelier en sciences administratives et gestion publique
6799,"127",Bachelier de spécialisation en administration des maisons de repos
6800,"128",Bachelier de spécialisation en management de la distribution
6801,"129",Bachelier de spécialisation en management hôtelier
6802,"130",Bachelier en gestion de l'entreprise
6803,"131",Master en sciences commerciales
6804,"132",Master en gestion de l'entreprise
6805,"133",Bachelier en gestion publique
6806,"134","Bachelier en gestion publique, orientation administration nationale et internationale"
6807,"135",Master en gestion publique
6808,"136","Master en gestion publique, orientation administration nationale et internationale"
6809,"137",Master en gestion des services généraux
6810,"138",Master en sciences administratives
6811,"139",Bachelier : ingénieur commercial
6812,"140",Master : ingénieur commercial
6813,"141",Bachelier : ingénieur de gestion
6814,"142",Master : ingénieur de gestion
6815,"143",Bachelier en sciences économiques et de gestion
6816,"144","Bachelier en sciences économiques, orientation générale"
6817,"145","Master en sciences économiques, orientation générale"
6818,"146","Master en sciences économiques, orientation économétrie"
6819,"147",Bachelier en sciences de gestion
6820,"148",Master en sciences de gestion
6821,"149",Master en gestion culturelle
6822,"150","Master de spécialisation en accompagnement des professionnels de l'éducation, du management, de la santé et de l'action sociale"
6823,"151",Master de spécialisation en économie internationale et du développement / Specialized master in international and development economics
6824,"152",Master de spécialisation en entrepreneuriat
6825,"153",Master de spécialisation en gestion des risques financiers
6826,"154",Master de spécialisation en microfinance / Specialized master in microfinance
6827,"155","Bachelier : agrégé de l'enseignement secondaire inférieur, orientation arts plastiques"
6828,"156","Bachelier : agrégé de l'enseignement secondaire inférieur, orientation éducation physique"
6829,"157","Bachelier : agrégé de l'enseignement secondaire inférieur, orientation français et français langue étrangère"
6830,"158","Bachelier : agrégé de l'enseignement secondaire inférieur, orientation français et morale"
6831,"159","Bachelier : agrégé de l'enseignement secondaire inférieur, orientation français et éducation à la philosophie et la citoyenneté"
6832,"160","Bachelier : agrégé de l'enseignement secondaire inférieur, orientation français et religion"
6833,"161","Bachelier : agrégé de l'enseignement secondaire inférieur, orientation langues germaniques"
6834,"162","Bachelier : agrégé de l'enseignement secondaire inférieur, orientation mathématiques"
6835,"163","Bachelier : agrégé de l'enseignement secondaire inférieur, orientation sciences : biologie, chimie, physique"
6836,"164","Bachelier : agrégé de l'enseignement secondaire inférieur, orientation sciences économiques et sciences économiques appliquées"
6837,"165","Bachelier : agrégé de l'enseignement secondaire inférieur, orientation sciences humaines : géographie, histoire, sciences sociales"
6838,"166","Bachelier : agrégé de l'enseignement secondaire inférieur, orientation bois - construction"
6839,"167","Bachelier : agrégé de l'enseignement secondaire inférieur, orientation économie familiale et sociale"
6840,"168","Bachelier : agrégé de l'enseignement secondaire inférieur, orientation électromécanique"
6841,"169","Bachelier : agrégé de l'enseignement secondaire inférieur, orientation habillement"
6842,"170",Bachelier : assistant en psychologie
6843,"171",Bachelier en coaching sportif
6844,"172",Bachelier : éducateur spécialisé en activités socio-sportives
6845,"173",Bachelier : éducateur spécialisé en accompagnement psycho-éducatif
6846,"174",Bachelier : instituteur préscolaire
6847,"175",Bachelier : instituteur primaire
6848,"176",Bachelier en logopédie
6849,"177",Bachelier de spécialisation : accompagnateur en milieux scolaires
6850,"178",Bachelier de spécialisation en gérontologie psycho-éducative
6851,"179",Bachelier de spécialisation en intégration des technologies nouvelles au service de l'enseignement
6852,"180",Bachelier de spécialisation en orthopédagogie
6853,"181",Bachelier en orthoptie
6854,"182",Bachelier de spécialisation en préparation physique et entraînement
6855,"183",Bachelier de spécialisation en psychomotricité
6856,"184",Bachelier de spécialisation en éducation et rééducation des déficients sensoriels
6857,"185","Bachelier en sciences psychologiques et de l'éducation, orientation générale"
6858,"186","Bachelier en sciences psychologiques et de l'éducation, orientation logopédie"
6859,"187",Master en sciences de l'éducation
6860,"188",Master en logopédie
6861,"189",Master en sciences psychologiques
6862,"190",Master en sciences de la famille et de la sexualité
6863,"191",Master de spécialisation en cliniques psycho-thérapeutiques intégrées
6864,"192",Master de spécialisation en pédagogie universitaire et de l'enseignement supérieur
6865,"193",Master de spécialisation en théories psychanalytiques
6866,"194",Bachelier en médecine
6867,"195",Médecin
6868,"196",Master de spécialisation en anatomie pathologique
6869,"197",Master de spécialisation en anesthésie-réanimation
6870,"198",Master de spécialisation en biologie clinique
6871,"199",Master de spécialisation en cardiologie
6872,"200",Master de spécialisation en chirurgie
6873,"201",Master de spécialisation en chirurgie orthopédique
6874,"202","Master de spécialisation en chirurgie plastique, reconstructrice et esthétique"
6875,"203",Master de spécialisation en dermato-vénéréologie
6876,"204",Master de spécialisation en gastro-entérologie
6877,"205",Master de spécialisation en gériatrie
6878,"206",Master de spécialisation en gestion de données de santé
6879,"207",Master de spécialisation en gynécologie-obstétrique
6880,"208",Master de spécialisation en médecine aigüe
6881,"209",Master de spécialisation en médecine d'urgence
6882,"210",Master de spécialisation en médecine du travail
6883,"211",Master de spécialisation en médecine interne
6884,"212",Master de spécialisation en médecine générale
6885,"213",Master de spécialisation en médecine légale
6886,"214",Master de spécialisation en médecine nucléaire
6887,"215",Master de spécialisation en médecine physique et en réadaptation
6888,"216",Master de spécialisation en médecine transfusionnelle
6889,"217",Master de spécialisation en neurochirurgie
6890,"218",Master de spécialisation en neurologie
6891,"219",Master de spécialisation en neuropsychiatrie
6892,"220",Master de spécialisation en oncologie médicale
6893,"221",Master de spécialisation en ophtalmologie
6894,"222",Master de spécialisation en oto-rhino-laryngologie
6895,"223",Master de spécialisation en pédiatrie
6896,"224",Master de spécialisation en pneumologie
6897,"225",Master de spécialisation en psychiatrie
6898,"226","Master de spécialisation en psychiatrie, orientation psychiatrie de l'adulte"
6899,"227","Master de spécialisation en psychiatrie, orientation psychiatrie infanto juvénile"
6900,"228",Master de spécialisation en radiodiagnostic
6901,"229",Master de spécialisation en radiothérapie-oncologie
6902,"230",Master de spécialisation en rhumatologie
6903,"231",Master de spécialisation en stomatologie
6904,"232",Master de spécialisation en urologie
6905,"233",Bachelier en médecine vétérinaire
6906,"234",Médecin vétérinaire 
6907,"235",Master de spécialisation en médecine vétérinaire spécialisée
6908,"236",Master de spécialisation en sciences vétérinaires : internat clinique
6909,"237",Master de spécialisation en gestion intégrée des risques sanitaires dans les pays du sud
6910,"238",Master de spécialisation en gestion des ressources animales et végétales en milieux tropicaux
6911,"239",Bachelier en sciences dentaires
6912,"240",Master en sciences dentaires
6913,"241",Master de spécialisation en dentisterie générale
6914,"242",Master de spécialisation en orthodontie
6915,"243",Master de spécialisation en parodontologie
6916,"244",Bachelier en diététique
6917,"245",Bachelier : technologue de laboratoire médical
6918,"246",Bachelier de spécialisation en biotechnologies médicales et pharmaceutiques
6919,"247",Bachelier de spécialisation en diététique sportive
6920,"248",Bachelier en sciences biomédicales
6921,"249",Master en sciences biomédicales
6922,"250",Bachelier en sciences pharmaceutiques
6923,"251",Master en sciences pharmaceutiques
6924,"253",Master de spécialisation en dermopharmacie et cosmétologie
6925,"254",Master de spécialisation en pharmacie d'industrie
6926,"255",Master de spécialisation en pharmacie hospitalière
6927,"256",Bachelier en audiologie
6928,"257",Bachelier en bandagisterie - orthésiologie - prothésiologie
6929,"258",Bachelier en soins infirmiers
6930,"259",Bachelier : infirmier responsable de soins généraux
6931,"260",Bachelier : sage-femme
6932,"261",Bachelier : technologue en imagerie médicale
6933,"262",Bachelier de spécialisation en anesthésie
6934,"263",Bachelier de spécialisation en art thérapie
6935,"264",Bachelier de spécialisation en imagerie médicale et radiothérapie
6936,"265",Bachelier de spécialisation en imagerie médicale diagnostique et interventionnelle
6937,"266",Bachelier de spécialisation en oncologie
6938,"267",Bachelier de spécialisation en pédiatrie et néonatologie
6939,"268",Bachelier de spécialisation en soins péri-opératoires
6940,"269",Bachelier de spécialisation en santé communautaire
6941,"270",Bachelier de spécialisation en santé mentale et psychiatrie
6942,"271",Bachelier de spécialisation en soins intensifs et aide médicale urgente
6943,"272",Bachelier de spécialisation interdisciplinaire en gériatrie et psychogériatrie
6944,"273",Bachelier de spécialisation interdisciplinaire en radiothérapie
6945,"274",Master en sciences de la santé publique
6946,"275",Master de spécialisation en sciences de la santé publique - Méthodes de recherche appliquées à la santé globale
6947,"276",Master de spécialisation en méthodologie de la santé publique - Specialized master in public health methodology
6948,"277",Bachelier en ergothérapie
6949,"278",Bachelier en podologie-podothérapie
6950,"279",Bachelier en psychomotricité
6951,"280",Bachelier de spécialisation en réadaptation
6952,"281",Bachelier en kinésithérapie
6953,"282",Master en kinésithérapie
6954,"283","Bachelier en sciences de la motricité, orientation générale"
6955,"284","Master en sciences de la motricité, orientation générale"
6956,"285","Master en sciences de la motricité, orientation éducation physique"
6957,"286",Bachelier en kinésithérapie et réadaptation
6958,"287",Master en kinésithérapie et réadaptation
6959,"288",Master de spécialisation en ostéopathie
6960,"289",Bachelier en informatique de gestion
6961,"290","Bachelier en informatique et systèmes, orientation automatique"
6962,"291","Bachelier en informatique et systèmes, orientation informatique industrielle"
6963,"292","Bachelier en informatique et systèmes, orientation gestion technique des bâtiments - domotique"
6964,"293","Bachelier en informatique et systèmes, orientation réseaux et télécommunications"
6965,"294","Bachelier en informatique et systèmes, orientation sécurité des systèmes"
6966,"295","Bachelier en informatique et systèmes, orientation technologie de l'informatique"
6967,"296",Master en gestion globale du numérique
6968,"297",Bachelier de spécialisation en sécurité des réseaux et systèmes informatiques
6969,"298",Bachelier en sciences biologiques
6970,"299",Master en sciences biologiques
6971,"300",Master en biochimie et biologie moléculaire et cellulaire
6972,"301",Master en biologie des organismes et écologie
6973,"302",Master en bioinformatique et modélisation
6974,"303",Bachelier en sciences chimiques
6975,"304",Master en sciences chimiques
6976,"305",Master en science des données
6977,"306","Master en science des données, orientation statistique"
6978,"307","Master en science des données, orientation technologies de l'information"
6979,"308",Bachelier en sciences géologiques
6980,"309",Master en sciences géologiques
6981,"310","Bachelier en sciences géographiques, orientation générale"
6982,"311","Master en sciences géographiques, orientation climatologie"
6983,"312","Master en sciences géographiques, orientation générale"
6984,"313","Master en sciences géographiques, orientation géomatique et géométrologie"
6985,"314",Master en océanographie
6986,"315",Master en sciences et gestion de l'environnement
6987,"316",Master en sciences et gestion du tourisme
6988,"317",Master en smart rurality
6989,"318",Bachelier en sciences informatiques
6990,"319",Master en sciences informatiques
6991,"320",Master en architecture des systèmes informatiques
6992,"321",Master en cybersécurité
6993,"322",Bachelier en sciences mathématiques
6994,"323",Master en sciences mathématiques
6995,"324","Master en statistique, orientation générale"
6996,"325","Master en statistique, orientation biostatistiques"
6997,"326",Master en sciences actuarielles
6998,"327",Bachelier en sciences physiques
6999,"328",Master en sciences physiques
7000,"329",Master en sciences spatiales
7001,"330",Master de spécialisation en archéométrie
7002,"331",Master de spécialisation en gestion des ressources aquatiques et aquaculture
7003,"332",Master de spécialisation en biotechnologie et biologie appliquée
7004,"333","Master de spécialisation en climatologie, glaciologie et océanographie"
7005,"334",Master de spécialisation en génomique
7006,"335",Master de spécialisation en gestion durable de l'énergie
7007,"336",Master de spécialisation en informatique et innovation
7008,"337","Bachelier en agronomie, orientation agro-industries et biotechnologies"
7009,"338","Bachelier en agronomie, orientation agronomie des régions chaudes"
7010,"339","Bachelier en agronomie, orientation environnement"
7011,"340","Bachelier en agronomie, orientation forêt et nature"
7012,"341","Bachelier en agronomie, orientation techniques et gestion agricoles"
7013,"342","Bachelier en agronomie, orientation techniques et gestion horticoles"
7014,"343","Bachelier en agronomie, orientation technologie animalière"
7015,"344",Bachelier en architecture des jardins et du paysage
7016,"345","Bachelier de spécialisation en gestion de la qualité dans les entreprises agricoles, horticoles et agro-alimentaires"
7017,"346",Bachelier de spécialisation en agriculture biologique
7018,"347",Master en management de l'innovation et de la conception des aliments
7019,"348",Bachelier : architecte paysagiste
7020,"349",Master : architecte paysagiste
7021,"350",Bachelier en sciences agronomiques
7022,"351","Master en sciences de l'ingénieur industriel en agronomie, orientation agronomie"
7023,"352","Master en sciences de l'ingénieur industriel en agronomie, orientation bio-industries"
7024,"353","Master en sciences de l'ingénieur industriel en agronomie, orientation environnement"
7025,"354",Master en agroécologie
7026,"355","Bachelier en sciences de l'ingénieur, orientation bioingénieur"
7027,"356",Master : bioingénieur en chimie et bioindustries
7028,"357",Master : bioingénieur en sciences et technologies de l'environnement
7029,"358",Master : bioingénieur en gestion des forêts et des espaces naturels
7030,"359",Master : bioingénieur en sciences agronomiques
7031,"360",Master en sciences agronomiques et industries du vivant
7032,"361",Master de spécialisation en économie et sociologie rurales
7033,"362",Master de spécialisation en génie brassicole
7034,"363",Master de spécialisation en génie sanitaire
7035,"364",Master de spécialisation en production intégrée et préservation des ressources naturelles en milieu urbain et péri-urbain
7036,"365",Master de spécialisation en protection des cultures tropicales et subtropicales
7037,"366",Master de spécialisation en sciences et gestion de l'environnement dans les pays en développement
7038,"367",Master de spécialisation en sciences et technologie des aliments
7039,"368","Bachelier en aérotechnique, orientation avionique"
7040,"369","Bachelier en aérotechnique, orientation construction aéronautique"
7041,"370","Bachelier en aérotechnique, orientation techniques d'entretien"
7042,"371",Bachelier en automobile
7043,"372",Bachelier en biotechnique
7044,"373","Bachelier en chimie, orientation biochimie"
7045,"374","Bachelier en chimie, orientation biotechnologie"
7046,"375","Bachelier en chimie, orientation chimie appliquée"
7047,"376","Bachelier en chimie, orientation environnement"
7048,"377",Bachelier en construction
7049,"378",Bachelier en éco-packaging
7050,"379","Bachelier en électromécanique, orientation climatisation et techniques du froid"
7051,"380","Bachelier en électromécanique, orientation électromécanique et maintenance"
7052,"381","Bachelier en électromécanique, orientation mécanique"
7053,"382","Bachelier en électronique, orientation électronique appliquée"
7054,"383","Bachelier en électronique, orientation électronique médicale"
7055,"384",Bachelier en énergies alternatives et renouvelables
7056,"385",Bachelier en mécatronique et robotique
7057,"386","Bachelier en techniques de l'image, orientation techniques de la cinématographie"
7058,"387","Bachelier en techniques de l'image, orientation techniques de la photographie"
7059,"388","Bachelier en techniques graphiques, orientation techniques de l'édition"
7060,"389","Bachelier en techniques graphiques, orientation techniques infographiques"
7061,"390",Bachelier en techniques et services
7062,"391","Bachelier en textile, orientation techniques de mode"
7063,"392",Bachelier de spécialisation en développement de jeux vidéo
7064,"393",Bachelier de spécialisation en informatique médicale
7065,"394",Bachelier de spécialisation en techniques aéronautiques et aéroportuaires
7066,"395",Master en architecture transmédia
7067,"396",Master : business analyst
7068,"397","Master en génie analytique, orientation biochimie"
7069,"398",Master en gestion de chantier spécialisé en construction durable
7070,"399",Master en gestion de la maintenance électromécanique
7071,"400",Master en gestion de production
7072,"401",Bachelier en sciences de l'ingénieur industriel
7073,"402","Master en sciences de l'ingénieur industriel, orientation aérotechnique"
7074,"403","Master en sciences de l'ingénieur industriel, orientation automatisation"
7075,"404","Master en sciences de l'ingénieur industriel, orientation biochimie"
7076,"405","Master en sciences de l'ingénieur industriel, orientation chimie"
7077,"406","Master en sciences de l'ingénieur industriel, orientation construction"
7078,"407","Master en sciences de l'ingénieur industriel, orientation électricité"
7079,"408","Master en sciences de l'ingénieur industriel, orientation électromécanique"
7080,"409","Master en sciences de l'ingénieur industriel, orientation électronique"
7081,"410","Master en sciences de l'ingénieur industriel, orientation génies physique et nucléaire"
7082,"411","Master en sciences de l'ingénieur industriel, orientation génie énergétique durable"
7083,"412","Master en sciences de l'ingénieur industriel, orientation géomètre"
7084,"413","Master en sciences de l'ingénieur industriel, orientation industrie"
7085,"414","Master en sciences de l'ingénieur industriel, orientation informatique"
7086,"415","Master en sciences de l'ingénieur industriel, orientation mécanique"
7087,"416","Bachelier en sciences de l'ingénieur, orientation ingénieur civil"
7088,"417",Master : ingénieur civil biomédical
7089,"418",Master : ingénieur civil des constructions
7090,"419",Master : ingénieur civil des mines et géologue
7091,"420",Master : ingénieur civil électricien
7092,"421",Master : ingénieur civil électromécanicien
7093,"422",Master : ingénieur civil en aérospatiale
7094,"423",Master : ingénieur civil en chimie et science des matériaux
7095,"424",Master : ingénieur civil en informatique
7096,"425",Master : ingénieur civil en informatique et gestion
7097,"426",Master : ingénieur civil en mathématiques appliquées
7098,"427",Master : ingénieur civil en science des données
7099,"428",Master : ingénieur civil mécanicien
7100,"429",Master : ingénieur civil physicien
7101,"430",Master de spécialisation en conservation-restauration du patrimoine culturel immobilier
7102,"431",Master de spécialisation en construction navale
7103,"432",Master de spécialisation en génie des systèmes énergétiques
7104,"433",Master de spécialisation en génie nucléaire
7105,"434",Master de spécialisation en gestion des risques et bien-être au travail
7106,"435",Master de spécialisation en gestion des risques et des catastrophes
7107,"436",Master de spécialisation en gestion industrielle et technologique
7108,"437",Master de spécialisation en gestion totale de la qualité
7109,"438",Master de spécialisation en nanotechnologies
7110,"439",Master de spécialisation en polymères
7111,"440",Master de spécialisation en ressources en eau
7112,"441",Master de spécialisation en risques industriels et sûreté de fonctionnement
7113,"442",Master de spécialisation en transport et logistique
7114,"443",Bachelier en gestion de l'environnement urbain
7115,"444",Bachelier en architecture
7116,"445",Master en architecture
7117,"446","Bachelier en sciences de l'ingénieur, orientation ingénieur civil architecte"
7118,"447",Master : ingénieur civil architecte
7119,"448",Master de spécialisation en management territorial et urbain
7120,"449",Master de spécialisation en urbanisme et aménagement du territoire
7121,"450",Bachelier en animation 3D et effets spéciaux (VFX)
7122,"451",Bachelier en arts graphiques
7123,"452",Bachelier en arts du tissu
7124,"453",Bachelier en publicité
7125,"454",Bachelier : styliste-modéliste
7126,"455",Bachelier de spécialisation en accessoires de mode
7127,"456","Bachelier en arts plastiques, visuels et de l'espace : arts numériques"
7128,"457","Bachelier en arts plastiques, visuels et de l'espace : bande dessinée"
7129,"458","Bachelier en arts plastiques, visuels et de l'espace : création d'intérieurs"
7130,"459","Bachelier en arts plastiques, visuels et de l'espace : dessin et technologie en architecture"
7131,"460","Bachelier en arts plastiques, visuels et de l'espace : graphisme"
7132,"461","Bachelier en arts plastiques, visuels et de l'espace : illustration"
7133,"462","Bachelier en arts plastiques, visuels et de l'espace : images plurielles imprimées"
7134,"463","Bachelier en arts plastiques, visuels et de l'espace : peinture"
7135,"464","Bachelier en arts plastiques, visuels et de l'espace : photographie"
7136,"465","Bachelier en arts plastiques, visuels et de l'espace : publicité"
7137,"466","Bachelier en arts plastiques, visuels et de l'espace : sculpture"
7138,"467","Bachelier en arts plastiques, visuels et de l'espace : stylisme d'objets ou esthétique industrielle"
7139,"468","Bachelier en arts plastiques, visuels et de l'espace : stylisme de mode"
7140,"469","Bachelier en arts plastiques, visuels et de l'espace : architecture d'intérieur"
7141,"470","Master en arts plastiques, visuels et de l'espace : architecture d'intérieur"
7142,"471","Bachelier en arts plastiques, visuels et de l'espace : art dans l'espace public"
7143,"472","Master en arts plastiques, visuels et de l'espace : art dans l'espace public"
7144,"473","Bachelier en arts plastiques, visuels et de l'espace : arts numériques"
7145,"474","Master en arts plastiques, visuels et de l'espace : arts numériques"
7146,"475","Bachelier en arts plastiques, visuels et de l'espace : bande dessinée"
7147,"476","Master en arts plastiques, visuels et de l'espace : bande dessinée"
7148,"477","Bachelier en arts plastiques, visuels et de l'espace : bande dessinée - éditions"
7149,"478","Master en arts plastiques, visuels et de l'espace : bande dessinée - éditions"
7150,"479","Bachelier en arts plastiques, visuels et de l'espace : céramique"
7151,"480","Master en arts plastiques, visuels et de l'espace : céramique"
7152,"481","Bachelier en arts plastiques, visuels et de l'espace : cinéma d'animation"
7153,"482","Master en arts plastiques, visuels et de l'espace : cinéma d'animation"
7154,"483","Bachelier en arts plastiques, visuels et de l'espace : communication visuelle et graphique"
7155,"484","Master en arts plastiques, visuels et de l'espace : communication visuelle et graphique"
7156,"485","Bachelier en arts plastiques, visuels et de l'espace : communication visuelle"
7157,"486","Master en arts plastiques, visuels et de l'espace : communication visuelle"
7158,"487","Bachelier en arts plastiques, visuels et de l'espace : conservation et restauration des oeuvres d'art"
7159,"488","Master en arts plastiques, visuels et de l'espace : conservation et restauration des oeuvres d'art"
7160,"489","Bachelier en arts plastiques, visuels et de l'espace : design du livre et du papier"
7161,"490","Master en arts plastiques, visuels et de l'espace : design du livre et du papier"
7162,"491","Bachelier en arts plastiques, visuels et de l'espace : design industriel"
7163,"492","Master en arts plastiques, visuels et de l'espace : design industriel"
7164,"493","Bachelier en arts plastiques, visuels et de l'espace : design textile"
7165,"494","Master en arts plastiques, visuels et de l'espace : design textile"
7166,"495","Bachelier en arts plastiques, visuels et de l'espace : design urbain"
7167,"496","Master en arts plastiques, visuels et de l'espace : design urbain"
7168,"497","Bachelier en arts plastiques, visuels et de l'espace : dessin"
7169,"498","Master en arts plastiques, visuels et de l'espace : dessin"
7170,"499","Bachelier en arts plastiques, visuels et de l'espace : espace urbain"
7171,"500","Master en arts plastiques, visuels et de l'espace : espace urbain"
7172,"501","Bachelier en arts plastiques, visuels et de l'espace : graphisme"
7173,"502","Master en arts plastiques, visuels et de l'espace : graphisme"
7174,"503","Bachelier en arts plastiques, visuels et de l'espace : gravure"
7175,"504","Master en arts plastiques, visuels et de l'espace : gravure"
7176,"505","Bachelier en arts plastiques, visuels et de l'espace : gravure et image imprimée"
7177,"506","Master en arts plastiques, visuels et de l'espace : gravure et image imprimée"
7178,"507","Bachelier en arts plastiques, visuels et de l'espace : illustration"
7179,"508","Master en arts plastiques, visuels et de l'espace : illustration"
7180,"509","Bachelier en arts plastiques, visuels et de l'espace : images dans le milieu"
7181,"510","Master en arts plastiques, visuels et de l'espace : images dans le milieu"
7182,"511","Bachelier en arts plastiques, visuels et de l'espace : installation, performance"
7183,"512","Master en arts plastiques, visuels et de l'espace : installation, performance"
7184,"513","Bachelier en arts plastiques, visuels et de l'espace : lithographie"
7185,"514","Master en arts plastiques, visuels et de l'espace : lithographie"
7186,"515","Bachelier en arts plastiques, visuels et de l'espace : peinture"
7187,"516","Master en arts plastiques, visuels et de l'espace : peinture"
7188,"517","Bachelier en arts plastiques, visuels et de l'espace : photographie"
7189,"518","Master en arts plastiques, visuels et de l'espace : photographie"
7191,"520","Master en arts plastiques, visuels et de l'espace : publicité"
7192,"521","Bachelier en arts plastiques, visuels et de l'espace : sculpture"
7193,"522","Master en arts plastiques, visuels et de l'espace : sculpture"
7194,"523","Bachelier en arts plastiques, visuels et de l'espace : sérigraphie"
7195,"524","Master en arts plastiques, visuels et de l'espace : sérigraphie"
7196,"525","Bachelier en arts plastiques, visuels et de l'espace : stylisme et création de mode"
7197,"526","Master en arts plastiques, visuels et de l'espace : stylisme et création de mode"
7198,"527","Bachelier en arts plastiques, visuels et de l'espace : tapisserie - arts textiles"
7199,"528","Master en arts plastiques, visuels et de l'espace : tapisserie - arts textiles"
7200,"529","Bachelier en arts plastiques, visuels et de l'espace : typographie"
7201,"530","Master en arts plastiques, visuels et de l'espace : typographie"
7202,"531","Bachelier en arts plastiques, visuels et de l'espace : scénographie"
7203,"532","Master en arts plastiques, visuels et de l'espace : scénographie"
7204,"533","Bachelier en arts plastiques, visuels et de l'espace : vidéographie"
7205,"534","Master en arts plastiques, visuels et de l'espace : vidéographie"
7206,"535","Master en arts plastiques, visuels et de l'espace : accessoires"
7207,"536","Master en arts plastiques, visuels et de l'espace : art en réseau"
7208,"537","Master en arts plastiques, visuels et de l'espace : espaces audio-vidéo"
7209,"538","Master en arts plastiques, visuels et de l'espace : industries de création"
7210,"539","Master en arts plastiques, visuels et de l'espace : politique et expérimentation graphiques"
7211,"540","Master en arts plastiques, visuels et de l'espace : pratiques éditoriales"
7212,"541","Master en arts plastiques, visuels et de l'espace : pratiques de l'art - outils critiques"
7213,"542","Master en arts plastiques, visuels et de l'espace : pratiques de l'exposition"
7214,"543","Master en arts plastiques, visuels et de l'espace : pratiques et théories de l'art"
7215,"544","Master en arts plastiques, visuels et de l'espace : récits et expérimentation"
7216,"545","Master en arts plastiques, visuels et de l'espace : scénographie de produits"
7217,"546",Bachelier : agrégé de l'enseignement secondaire inférieur en musique
7218,"547",Bachelier en musique : formation musicale
7219,"548",Bachelier en musique : formation de musicien intervenant
7220,"549",Bachelier en musique : musiques improvisées de tradition orale
7221,"550",Bachelier en musique : accordéon
7222,"551",Master en musique : accordéon
7223,"552",Bachelier en musique : alto
7224,"553",Master en musique : alto
7225,"554",Bachelier en musique : art lyrique
7226,"555",Master en musique : art lyrique
7227,"556",Master en musique : basse continue et continuo
7228,"557",Bachelier en musique : basson
7229,"558",Master en musique : basson
7230,"559",Bachelier en musique : basson baroque et classique
7231,"560",Master en musique : basson baroque et classique
7232,"561",Bachelier en musique : batterie
7233,"562",Master en musique : batterie
7234,"563",Bachelier en musique : chant
7235,"564",Master en musique : chant
7236,"565",Bachelier en musique : chant jazz
7237,"566",Master en musique : chant jazz
7238,"567",Bachelier en musique : clarinette
7239,"568",Master en musique : clarinette
7240,"569",Bachelier en musique : clarinette classique et baroque
7241,"570",Master en musique : clarinette classique et baroque
7242,"571",Bachelier en musique : clarinette jazz
7243,"572",Master en musique : clarinette jazz
7244,"573",Bachelier en musique : clavecin
7245,"574",Master en musique : clavecin
7246,"575",Bachelier en musique : composition
7247,"576",Master en musique : composition
7248,"577",Bachelier en musique : composition et arrangement jazz
7249,"578",Master en musique : composition et arrangement jazz
7250,"579","Bachelier en musique : composition, musiques appliquées et interactives"
7251,"580","Master en musique : composition, musiques appliquées et interactives"
7252,"581",Bachelier en musique : contrebasse
7253,"582",Master en musique : contrebasse
7254,"583",Bachelier en musique : contrebasse et violone
7255,"584",Master en musique : contrebasse et violone
7256,"585",Bachelier en musique : contrebasse jazz
7257,"586",Master en musique : contrebasse jazz
7258,"587",Bachelier en musique : cor
7259,"588",Master en musique : cor
7260,"589",Bachelier en musique : cor naturel
7261,"590",Master en musique : cor naturel
7262,"591",Bachelier en musique : cornemuse
7263,"592",Master en musique : cornemuse
7264,"593",Bachelier en musique : cornet à bouquin
7265,"594",Master en musique : cornet à bouquin
7266,"595",Bachelier en musique : flûte à bec
7267,"596",Master en musique : flûte à bec
7268,"597",Bachelier en musique : flûte jazz
7269,"598",Master en musique : flûte jazz
7270,"599",Bachelier en musique : flûte traversière
7271,"600",Master en musique : flûte traversière
7272,"601",Bachelier en musique : flûte traversière baroque et classique
7273,"602",Master en musique : flûte traversière baroque et classique
7274,"603",Bachelier en musique : guitare
7275,"604",Master en musique : guitare
7276,"605",Bachelier en musique : guitare basse
7277,"606",Master en musique : guitare basse
7278,"607",Bachelier en musique : guitare jazz
7279,"608",Master en musique : guitare jazz
7280,"609",Bachelier en musique : harmonica
7281,"610",Master en musique : harmonica
7282,"611",Bachelier en musique : harpe
7283,"612",Master en musique : harpe
7284,"613",Bachelier en musique : harpe ancienne
7285,"614",Master en musique : harpe ancienne
7286,"615",Bachelier en musique : hautbois
7287,"616",Master en musique : hautbois
7288,"617",Bachelier en musique : hautbois baroque et classique
7289,"618",Master en musique : hautbois baroque et classique
7290,"619",Bachelier en musique : informatique musicale
7291,"620",Master en musique : informatique musicale
7292,"621",Bachelier en musique : luth et cordes pincées
7293,"622",Master en musique : luth et cordes pincées
7294,"623",Bachelier en musique : mandoline
7295,"624",Master en musique : mandoline
7296,"625",Bachelier en musique : musette
7297,"626",Master en musique : musette
7298,"627",Bachelier en musique : musique électroacoustique - composition acousmatique
7299,"628",Master en musique : musique électroacoustique - composition acousmatique
7300,"629",Bachelier en musique : musique électroacoustique - composition mixte
7301,"630",Master en musique : musique électroacoustique - composition mixte
7302,"631",Bachelier en musique : orgue
7303,"632",Master en musique : orgue
7304,"633",Bachelier en musique : percussions
7305,"634",Master en musique : percussions
7306,"635",Bachelier en musique : piano
7307,"636",Master en musique : piano
7308,"637",Bachelier en musique : piano jazz
7309,"638",Master en musique : piano jazz
7310,"639",Master en musique : piano d'accompagnement
7311,"640",Master en musique : pianoforte
7312,"641",Bachelier en musique : saxophone
7313,"642",Master en musique : saxophone
7314,"643",Bachelier en musique : saxophone jazz
7315,"644",Master en musique : saxophone jazz
7316,"645",Bachelier en musique : trombone
7317,"646",Master en musique : trombone
7318,"647",Bachelier en musique : trombone et sacqueboute
7319,"648",Master en musique : trombone et sacqueboute
7320,"649",Bachelier en musique : trombone jazz
7321,"650",Master en musique : trombone jazz
7322,"651",Bachelier en musique : trompette
7323,"652",Master en musique : trompette
7324,"653",Bachelier en musique : trompette jazz
7325,"654",Master en musique : trompette jazz
7326,"655",Bachelier en musique : trompette naturelle
7327,"656",Master en musique : trompette naturelle
7328,"657",Bachelier en musique : tuba
7329,"658",Master en musique : tuba
7330,"659",Bachelier en musique : vibraphone
7331,"660",Master en musique : vibraphone
7332,"661",Bachelier en musique : viole de gambe
7333,"662",Master en musique : viole de gambe
7334,"663",Bachelier en musique : violon
7335,"664",Master en musique : violon
7336,"665",Bachelier en musique : violon baroque
7337,"666",Master en musique : violon baroque
7338,"667",Bachelier en musique : violon jazz
7339,"668",Master en musique : violon jazz
7340,"669",Bachelier en musique : violoncelle
7341,"670",Master en musique : violoncelle
7342,"671",Bachelier en musique : violoncelle baroque
7343,"672",Master en musique : violoncelle baroque
7344,"673",Master en musique : direction chorale
7345,"674",Master en musique : direction d'orchestre
7346,"675",Master en musique : écritures classiques
7347,"676",Master en musique : éducation musicale
7348,"677",Master en musique : formation musicale
7349,"678",Bachelier en théâtre et arts de la parole : art dramatique
7350,"679",Master en théâtre et arts de la parole : art dramatique
7351,"680",Master en théâtre et arts de la parole :  production théâtrale - porteur de projet
7352,"681",Bachelier en arts du spectacle et techniques de diffusion et de communication : arts du cirque
7353,"682",Bachelier en arts du spectacle et techniques de diffusion et de communication : image
7354,"683",Bachelier en arts du spectacle et techniques de diffusion et de communication : montage et scripte
7355,"684",Bachelier en arts du spectacle et techniques de diffusion et de communication : multimédia
7356,"685",Bachelier en arts du spectacle et techniques de diffusion et de communication : son
7357,"686",Bachelier en arts du spectacle et techniques de diffusion et de communication : interprétation dramatique
7358,"687",Master en arts du spectacle et techniques de diffusion et de communication : interprétation dramatique
7359,"688",Bachelier en arts du spectacle et techniques de diffusion et de communication : réalisation cinéma et radio-télévision
7360,"689","Master en arts du spectacle et techniques de diffusion et de communication : cinéma, spécialité réalisation"
7361,"690","Master en arts du spectacle et techniques de diffusion et de communication : cinéma, spécialité gestion de production"
7362,"691","Master en arts du spectacle et techniques de diffusion et de communication : cinéma, spécialité assistanat"
7363,"692","Master en arts du spectacle et techniques de diffusion et de communication : cinéma, spécialité écriture"
7364,"693","Master en arts du spectacle et techniques de diffusion et de communication : cinéma, spécialité image"
7365,"694","Master en arts du spectacle et techniques de diffusion et de communication : cinéma, spécialité son"
7366,"695","Master en arts du spectacle et techniques de diffusion et de communication : cinéma, spécialité montage"
7367,"696","Master en arts du spectacle et techniques de diffusion et de communication : radio - télévision - multimédia, spécialité assistanat"
7368,"697","Master en arts du spectacle et techniques de diffusion et de communication : radio - télévision - multimédia, spécialité écriture"
7369,"698","Master en arts du spectacle et techniques de diffusion et de communication : radio - télévision - multimédia, spécialité gestion de production"
7370,"699","Master en arts du spectacle et techniques de diffusion et de communication : radio - télévision - multimédia, spécialité montage"
7371,"700","Master en arts du spectacle et techniques de diffusion et de communication : radio - télévision - multimédia, spécialité réalisation multimédia"
7372,"701","Master en arts du spectacle et techniques de diffusion et de communication : radio - télévision - multimédia, spécialité réalisation radio - télévision"
7373,"702","Master en arts du spectacle et techniques de diffusion et de communication : radio - télévision - multimédia, spécialité son"
7374,"703",Bachelier en arts du spectacle et techniques de diffusion et de communication : théâtre et techniques de communication
7375,"704","Master en arts du spectacle et techniques de diffusion et de communication : théâtre et techniques de communication, spécialité écriture"
7376,"705","Master en arts du spectacle et techniques de diffusion et de communication : théâtre et techniques de communication, spécialité gestion de production"
7377,"706","Master en arts du spectacle et techniques de diffusion et de communication : théâtre et techniques de communication, spécialité interprétation"
7378,"707","Master en arts du spectacle et techniques de diffusion et de communication : théâtre et techniques de communication, spécialité mise en scène"
7379,"708","Master en arts du spectacle et techniques de diffusion et de communication : théâtre et techniques de communication, spécialité scénographie, décors et costumes"
7380,"709",Master en arts du spectacle
7381,"710",Master en production de projets artistiques
7382,"711",Master en philosophie
7383,"712",Master en sciences des religions et de la laïcité
7384,"713",Master en théologie
7385,"714","Master en langues et lettres françaises et romanes, orientation générale"
7386,"715","Master en langues et lettres modernes, orientation arabes"
7387,"716","Master en langues et lettres modernes, orientation générale"
7388,"717","Master en langues et lettres modernes, orientation germaniques"
7389,"718","Master en langues et lettres modernes, orientation orientales"
7390,"719","Master en langues et lettres modernes, orientation slaves"
7391,"720","Master en langues et lettres anciennes, orientation classiques"
7392,"721","Master en langues et lettres anciennes, orientation orientales"
7393,"722",Master en langues et lettres anciennes et modernes
7394,"723",Master en histoire
7395,"724","Master en histoire de l'art et archéologie, orientation générale"
7396,"725","Master en histoire de l'art et archéologie, orientation musicologie"
7397,"726","Master en sciences politiques, orientation générale"
7398,"727",Master en sciences du travail
7399,"728","Master en sciences économiques, orientation générale"
7400,"729",Master en sciences de gestion
7401,"730",Master en sciences biomédicales
7402,"731","Master en sciences de la motricité, orientation générale"
7403,"732","Master en sciences de la motricité, orientation éducation physique"
7404,"733",Master en sciences chimiques
7405,"734",Master en sciences géologiques
7406,"735","Master en sciences géographiques, orientation générale"
7407,"736",Master en sciences et gestion de l'environnement
7408,"737",Master en sciences et gestion du tourisme
7409,"738",Master en sciences informatiques
7410,"739",Master en sciences mathématiques
7411,"740",Master en sciences physiques
7412,"741",Master en sciences du travail
7413,"742",Master en sciences informatiques
7414,"743","Master en arts plastiques, visuels et de l'espace : architecture d'intérieur"
7415,"744","Master en arts plastiques, visuels et de l'espace : art dans l'espace public"
7416,"745","Master en arts plastiques, visuels et de l'espace : arts numériques"
7417,"746","Master en arts plastiques, visuels et de l'espace : bande dessinée"
7418,"747","Master en arts plastiques, visuels et de l'espace : communication visuelle et graphique"
7419,"748","Master en arts plastiques, visuels et de l'espace : communication visuelle"
7420,"749","Master en arts plastiques, visuels et de l'espace : conservation et restauration des oeuvres d'art"
7421,"750","Master en arts plastiques, visuels et de l'espace : design industriel"
7422,"751","Master en arts plastiques, visuels et de l'espace : design textile"
7423,"752","Master en arts plastiques, visuels et de l'espace : design urbain"
7424,"753","Master en arts plastiques, visuels et de l'espace : dessin"
7425,"754","Master en arts plastiques, visuels et de l'espace : espace urbain"
7426,"755","Master en arts plastiques, visuels et de l'espace : gravure"
7427,"756","Master en arts plastiques, visuels et de l'espace : illustration"
7428,"757","Master en arts plastiques, visuels et de l'espace : lithographie"
7429,"758","Master en arts plastiques, visuels et de l'espace : peinture"
7430,"759","Master en arts plastiques, visuels et de l'espace : photographie"
7432,"761","Master en arts plastiques, visuels et de l'espace : sculpture"
7434,"763","Master en arts plastiques, visuels et de l'espace : tapisserie - arts textiles"
7435,"764","Master en arts plastiques, visuels et de l'espace : scénographie"
7436,"765","Master en arts plastiques, visuels et de l'espace : vidéographie"
7437,"766",Master en théâtre et arts de la parole : art dramatique
7438,"767",Master en arts du spectacle et techniques de diffusion et de communication : interprétation dramatique
7439,"768","Master en arts du spectacle et techniques de diffusion et de communication : cinéma, spécialité réalisation"
7440,"769","Master en arts du spectacle et techniques de diffusion et de communication : cinéma, spécialité gestion de production"
7441,"770","Master en arts du spectacle et techniques de diffusion et de communication : cinéma, spécialité assistanat"
7442,"771","Master en arts du spectacle et techniques de diffusion et de communication : cinéma, spécialité écriture"
7443,"772","Master en arts du spectacle et techniques de diffusion et de communication : cinéma, spécialité image"
7444,"773","Master en arts du spectacle et techniques de diffusion et de communication : cinéma, spécialité son"
7445,"774","Master en arts du spectacle et techniques de diffusion et de communication : cinéma, spécialité montage"
7446,"775","Master en arts du spectacle et techniques de diffusion et de communication : radio - télévision - multimédia, spécialité assistanat"
7447,"776","Master en arts du spectacle et techniques de diffusion et de communication : radio - télévision - multimédia, spécialité écriture"
7448,"777","Master en arts du spectacle et techniques de diffusion et de communication : radio - télévision - multimédia, spécialité gestion de production"
7449,"778","Master en arts du spectacle et techniques de diffusion et de communication : radio - télévision - multimédia, spécialité montage"
7450,"779","Master en arts du spectacle et techniques de diffusion et de communication : radio - télévision - multimédia, spécialité réalisation multimédia"
7451,"780","Master en arts du spectacle et techniques de diffusion et de communication : radio - télévision - multimédia, spécialité réalisation radio - télévision"
7452,"781","Master en arts du spectacle et techniques de diffusion et de communication : radio - télévision - multimédia, spécialité son"
7453,"782","Master en arts du spectacle et techniques de diffusion et de communication : théâtre et techniques de communication, spécialité écriture"
7454,"783","Master en arts du spectacle et techniques de diffusion et de communication : théâtre et techniques de communication, spécialité gestion de production"
7455,"784","Master en arts du spectacle et techniques de diffusion et de communication : théâtre et techniques de communication, spécialité interprétation"
7456,"785","Master en arts du spectacle et techniques de diffusion et de communication : théâtre et techniques de communication, spécialité mise en scène"
7457,"786","Master en arts du spectacle et techniques de diffusion et de communication : théâtre et techniques de communication, spécialité scénographie, décors et costumes"
7458,"791",Bachelier en musique : basse continue et continuo
7459,"803",Bachelier conseiller conjugal et familial
7460,"804",Bachelier de transition en sciences industrielles
7461,"805",Bachelier en dessin des constructions mécaniques et métalliques
7462,"806",Bachelier en optique-optométrie
7463,"807",Bachelier en vente
7464,"808",Bachelier en scénographie
7465,"809","BES d'animateur en action collective politique, culturelle et sociale"
7466,"810",BES de conseiller en administration et gestion du personnel
7467,"811",BES de conseiller en insertion socioprofessionnelle
7468,"812",BES de formateur en alphabétisation
7469,"813",BES de gestionnaire d'unités commerciales
7470,"814",BES de Webdesigner
7471,"815",BES de Webdevelopper
7472,"816",BES régisseur général de spectacle
7473,"817",BES de guide touristique-guide régional
7474,"818",Bibliothécaire brevetée
7475,"821",Gradué Géomètre - expert immobilier
7476,"824",Spécialisation de cadre de santé
7477,"826",Spécialisation de cadre du secteur non-marchand
7478,"827",Spécialisation de médiateur
7479,"828",Spécialisation d'intervenant en thérapie familiale systémique
7480,"829",Spécialisation en expertise comptable et fiscale
7481,"831",Spécialisation en gestion d'entreprise d'économie sociale
7482,"832",Spécialisation en intervention systémique et travail social
7483,"833",Spécialisation en psychopathologie
7484,"834",Spécialisation en sciences fiscales
7485,"835",Spécialisation : Conseiller en environnement
7486,"836",Spécilisation en gérontologie
7487,"837",Master en Urbanisme et aménagement du territoire
7488,"838",Bachelier en gestion des transports et logistique d'entreprise
7489,"841",Bachelier en stylisme de mode
7490,"842",Stroke Unit neuro
7491,"843",Soins palliatifs
7492,"844",Soins interdisciplinaires en pathologies cardiovasculaires
7493,"845",Soins infirmiers périopératoires
7494,"846",Santé mentale et psychiatrie
7495,"847",Recherche et gestion dans le cadre de la formation en stomathérapie et soins de plaies
7496,"848",Préparation aux examens de l'Institut Professionnel des Comptables et Fiscalistes agréés
7497,"849",Neurosciences et mindfullness au service des soignants
7498,"850",MBA Solvay Ponts PT 
7499,"851",MBA Solvay Ponts FT
7500,"852",L'intervention systémique dans l'abord familial et institutionnel
7501,"853",Interuniversity certificate in Human Genetics
7502,"854",Interuniversity Certificate in Competition Law 
7503,"855",Interuniversity certificate in Algology
7504,"856",Interuniversity certificate - basic muskuloskeletal ultrasound course for the rheumatologist 
7505,"857",Infirmier éducateur en diabétologie
7506,"858",Executive Master Pratiques de l'exposition (CARE)
7507,"859",Executive Master Knitting  design/maille
7508,"860","Executive Master in Marketing, in a Digital World"
7509,"861",Executive Master in Management
7510,"862",Executive Master in Finance
7511,"863",Executive Master Imobilier
7512,"864",Executive Master Gestion de projet d'architecture d'intérieur (GPAI)
7513,"865",Executive Master Food design
7514,"866",Executive Master en production musicale et management d'artistes
7515,"867",Executive Master en production de spectacles vivants
7516,"868",Executive Master en production audiovisuelle
7517,"869",Executive Master en management d'événements
7518,"870",Executive Master en Gestion Fiscale
7519,"871",Executive Master en communication et politiques européennes
7520,"872",Didactique visuelle et stratégie pédagogique
7521,"873",Didac sciences
7522,"874",Certificat interuniversitaire en éthique des soins de santé
7523,"875",Certificat interuniversitaire (UCL/Umons) : Innovation et développement de projets transmédia 
7524,"876",Certirficat d'Executive Master en Patrimoine architectural
7525,"877",Certificate of university - Executive Master in sustainable management of high biodiversity environments
7526,"878",Certificate of university - Executive Master in Inland Navigation Technics and Management
7527,"879",Certificate of Executive Master in Public Management
7528,"880",Certificate of Executive Master in Marketing and advertising
7529,"881",Certificate of Executive Master in Management of Banking and finance
7530,"882",Certificate of Executive Master in International Business Law
7531,"883",Certificate of Executive Master in European Studies (MEUS)
7532,"884",Certificate of Advanced Master in Political Economy 
7533,"885",Certificate in Translational Medecine
7534,"886",Certificate in sustainable automotive engineering
7535,"887",Certificat d'université de formation en expertise judiciaire comptable 
7536,"888",Certificat universitaire en éthique économique et sociale
7537,"889",Certificat relatif à l'approche psychocorporelle en thérapie psychomotrice
7538,"890",Certificat post-universitaire en médecine familiale - médecine générale
7539,"891",Certificat of university - Executive Master in industrial Management
7540,"892",Certificat interunviersitaire en gestion des situations d'exception
7541,"893",Certificat interuniverstiaire en analyse juridique et économique de l'intégration européenne
7542,"894",Certificat interuniverstiaire en analyse historique et culturelle de l'intégration européenne
7543,"895",Certificat interuniversitaire Online Executive Master in Management 
7544,"896",Certificat interuniversitaire Islam et Musulmans d'Europe : perspectives historiques et défis contemporrains 
7545,"897","Certificat interuniversitaire européen en Travail, développement et innovation sociale"
7546,"898",Certificat interuniversitaire européen en pathologie chirurgicale de la main et des nerfs périphériques
7547,"899",Certificat interuniversitaire et haute école en management innovant des organisations et réseaux de soins
7548,"900",Certificat interuniversitaire en Victimologie et psychoraumatologie
7549,"901",Certificat interuniversitaire en urbanisme et développement durable
7550,"902",Certificat interuniversitaire en tabacologie
7551,"903",Certificat interuniversitaire en simulation santé
7552,"904",Certificat interuniversitaire en Psycho-oncologie
7553,"905",Certificat interuniversitaire en pratique et management de la créativité
7554,"906",Certificat interuniversitaire en performance énergétique et environnementale des constructions
7555,"907",Certificat interuniversitaire en Nutrition clinique
7556,"908","Certificat interuniversitaire en migrations, diversité ethnique et relations interculturelles"
7557,"909","Certificat interuniversitaire en médiation locale, scolaire, pénale et en soins de santé (MLSPSS)"
7558,"910",Certificat interuniversitaire en médiation civile et commerciale et en médiation sociale (MCCS)
7559,"911",Certificat interuniversitaire en médiation - Formation générale (MG)
7560,"912",Certificat interuniversitaire en médecine transfusionnelle et thérapies cellulaires avancées
7561,"913",Certificat interuniversitaire en médecine du sommeil
7562,"914",Certificat interuniversitaire en Management médical (CIMM)
7563,"915",Certificat interuniversitaire en management du tourisme et des loisirs
7564,"916",Certificat interuniversitaire en management de l'information numérique (DOCSAFE)
7565,"917",Certificat interuniversitaire en Management associatif
7566,"918",Certificat interuniversitaire en intervention auprès des personnes en situation de double diagnostique
7567,"919",Certificat interuniversitaire en intervention auprès des personnes en situation de Double Diagnostic (déficience intellectuelle et problèmes de santé mentale)
7568,"920",Certificat interuniversitaire en infectiologie et microbiologie clinique 
7569,"921",Certificat interuniversitaire en infectiologie et microbiologie clinique
7570,"922","Certificat interuniversitaire en Immersion, Emil et Education plurilingue "
7571,"923",Certificat interuniversitaire en Hygiène hospitalière
7572,"924",Certificat interuniversitaire en gestion statistique de la qualité des procédés
7573,"925",Certificat interuniversitaire en gestion de crise et planification d'urgence
7574,"926",Certificat interuniversitaire en génétique humaine 
7575,"927",Certificat interuniversitaire en expertise judiciaire - Spécialisation en expertise immobilière
7576,"928",Certificat interuniversitaire en évaluation des politiques publiques
7577,"929",Certificat interuniversitaire en épileptologie clinique 
7578,"930",Certificat interuniversitaire en éducation thérapeutique insuffisant cardiaque 
7579,"931",Certificat interuniversitaire en économie de la santé
7580,"932",Certificat interuniversitaire en échographie obstétricale et gynécologique
7581,"933","Certificat interuniversitaire en collecte, transmission et valorisation du Patrimoine immatériel"
7582,"934",Certificat interuniversitaire en cliniques psychothérapeutiques - orientation systémique
7583,"935",Certificat interuniversitaire en cliniques psychothérapeutiques - orientation psychanalytique
7584,"936",Certificat interuniversitaire en cliniques psychothérapeutiques - orientation infanto-juvénile
7585,"937",Certificat interuniversitaire en cliniques psychothérapeutiques - orientation cognitivo-comportementale
7586,"938",Certificat interuniversitaire en auscultation des ouvrages en béton 
7587,"939",Certificat interuniversitaire en aproche pratique et pluridisciplinaire de la physiologie et des pathologies de l'éveil et du sommeil
7588,"940",Certificat interuniversitaire en apiculture 
7589,"941",Certificat interuniversitaire en Alcoologie
7590,"942",Certificat interuniversitaire en Agroécologie et transition vers des systèmes alimentaires durables
7591,"943",Certificat interuniversitaire en affaires règlementaires santé 
7592,"944",Certificat interuniversitaire en Activités Physiques et prévention santé (APPS)
7593,"945",Certificat interuniversitaire d'Echographie appliquée à l'urgence
7594,"946",Certificat interuniversitaire de Management de la qualité dans les établissements de soins
7595,"947",Certificat interuniversitaire (UCL/UNamur) : Analyse sociale et développement d'alternatives en contexte socio-professionnel
7596,"948",Certificat interuniversitaire (UCL/ULG/UNamur) : Gestion des politiques de sécurité urbaine
7597,"949",Certificat interuniversitaire (UCL/ULG) : Médecine du sport
7598,"950",Certificat interuniversitaire (UCL/ULG) : Kinésithérapie du sport 
7599,"951",Certificat interuniversitaire (UCL/Ulg) : Finances publiques 
7600,"952",Certificat interuniversitaire (UCL/ULG) : Analyse prospective
7601,"953",Certificat interuniversitaire (UCL/ULB/UNamur) : Approche interdisciplinaire des droits de l'enfant
7602,"954",Certificat interuniversitaire (UCL/ULB/ULG) : Plaies et cicatrisation
7603,"955",Certificat interuniversitaire (UCL/ULB/ULG) : Nutrition clinique
7604,"956",Certificat interuniversitaire (UCL/ULB/ULg) : Humanitarian surgery in austere environments 
7605,"957",Certificat interuniversitaire (UCL/ULB/ULG) : Evaluation des politiques publiques
7606,"958",Certificat interuniversitaire (UCL/ULB/ULG) : Echographie obstétricale et gynécologique
7607,"959",Certificat interuniversitaire (UCL/ULB/Ulg) : Agroécologie et transition vers des systèmes alimentaires 
7608,"960",Certificat interuniversitaire (UCL/ULB/International) : Executive Masters in Sport Organisations Management
7609,"961",Certificat interuniversitaire (UCL/ULB) : Réadaptation dans les pays du Sud 
7610,"962","Certificat interuniversitaire (UCL/ULB) : Pensée stratégique, management stratégique dans les services de santé "
7611,"963",Certificat interuniversitaire (UCL/UGgent) : Management des organisations sportives
7612,"964",Certificat interuniversitaire (UCL/International) : Accompagnement et soins palliatifs
7613,"965",Certificat interuniversitaire (Saint-Louis/UCL/UNamur) : Médiation familiale - spécialisation
7614,"966",Certificat interuniversitaire (Saint-Louis/UCL) : Sciences religieuses et sociales : Islam dans le monde contemporain
7615,"967",Certificat interuniversitaire (Saint-Louis /UCL /UNamur) : Expertise judiciaire : formation de base
7616,"968",Certificat interuniversitaire (KUL/UCL) : Didactique de l'espagnol
7617,"969",Certificat interuniversitaire (KUL/UA/UCL/UGent/ULB/ULG/VUB) : Génétique humaine
7618,"970",Certificat interuniversitaire (KUL/UA/UCL/UGent/ULB/Ulg/VUB) : Algologie
7619,"971",Certificat interdisciplinaire en Trisomie 21 ( t21) ou troubles du développement apparentés : une approche intégrée de la personne
7620,"972",Certificat interdisciplinaire : Radicalisation violente et travail social
7621,"973",Certificat formation à la création d'entreprises
7622,"974",Certificat en santé mentale de l'enfant et de l'adolescent
7623,"975",Certificat en régie et logistique de spectacles 
7624,"976",Certificat en journalisme d'investigation
7625,"977",Certificat en haute école en programmation dédiée aux terminaux mobiles
7626,"978",Certificat en haute école en formation en e-marketing
7627,"979",Certificat en dramaturgie circassienne
7628,"980",Certificat en didactique visuelle et stratégie pédagogique
7629,"981",Certificat en didactique du français langue étrangère/seconde et en pédagogie interculturelle
7630,"983",Certificat en communication web
7631,"984",Certificat en communication et marketing du Luxe
7632,"985",Certificat en communication environnementale
7633,"986",Certificat en animation radio
7634,"987",Certificat en analyse systémique de la communication et intelligence collective
7635,"988",Certificat en formation à la création d'entreprises
7636,"989",Certificat Education relative à l'environnement et au développement durable
7637,"990",Certificat d'unviersité en Radiophysique médicale
7638,"991",Certificat d'unviersité en Oncologie ambulatoire
7639,"992",Certificat d'université: compétence en réhabilitation bucco-dentaire
7640,"993",Certificat d'université: compétence en pédodontie
7641,"994",Certificat d'université: compétence en néonatologie
7642,"995",Certificat d'université: compétence en médecine d'assurance et expertise médicale 
7643,"996",Certificat d'université: compétence en endodontie générale
7644,"997",Certificat d'université: compétence en « Applications des Lasers en médecine dentaire »
7645,"998",Certificat d'université rayons X-diagnostic
7646,"999",Certificat d'université pour le prélèvement de sang par les biologistes cliniciens
7647,"1000",Certificat d'université pour l'utilisation des radioisotopes in vitro
7648,"1001",Certificat d'université en traitements cognitivo-comportementaux de l'insomnie (TCCI)
7649,"1002",Certificat d'université en TICEF (Technologies de l'Information et de la Communication pour l'Enseignement et la Formation)
7650,"1003",Certificat d'université en Thérapie manuelle
7651,"1004",Certificat d'université en Théorie du droit
7652,"1005",Certificat d'université en Soins intensifs
7653,"1006",Certificat d'université en sexologie clinique
7654,"1007",Certificat d'université en Sciences Psychologiques
7655,"1008",Certificat d'université en sciences des Animaux de Laboratoire -Catégorie C (Maître d'Expérience) 
7656,"1009",Certificat d'université en Sciences des Animaux de Laboratoire
7657,"1010",Certificat d'université en radioprotection physique et biologique
7658,"1011","Certificat d'université en Radiophysique médicale - stage clinique de 3ème agrément (médecine nucléaire, radiologie ou radiothérapie)"
7659,"1012","Certificat d'université en Radiophysique médicale - stage clinique de 2ème agrément (médecine nucléaire, radiologie ou radiothérapie)"
7660,"1013","Certificat d'université en Radiophysique médicale - stage clinique de 1er agrément (médecine nucléaire, radiologie ou radiothérapie)"
7661,"1014",Certificat d'université en Radiophysique médicale
7662,"1015",Certificat d'université en radiopharmacie (formation courte ou longue)
7663,"1016",Certificat d'université en psychologie clinique à orientation psychopathologie
7664,"1017",Certificat d'université en psychologie clinique à orientation neuropsychologie
7665,"1018",Certificat d'université en protection des données à caractère personnel (DATASAFE)
7666,"1019",Certificat d'université en Prospective
7667,"1020",Certificat d'université en pratiques philosophiques
7668,"1021",Certificat d'université en politiques économiques et sociales
7669,"1022",Certificat d'université en physique subnucléaire
7670,"1023",Certificat d'université en physique nucléaire
7671,"1024",Certificat d'université en philosophie
7672,"1025",Certificat d'université en perfusion et techniques appliquées
7673,"1026",Certificat d'université en Pédagogie de l'Enseignement supérieur universitaire
7674,"1027",Certificat d'université en Pathologie infectieuse
7675,"1028",Certificat d'université en Pathologie en milieu sportif
7676,"1029",Certificat d'université en Oncologie thoracique
7677,"1030",Certificat d'université en Oncologie ambulatoire
7678,"1031",Certificat d'université en Neurologie pédiatrique 
7679,"1032",Certificat d'université en Néphrologie
7680,"1033",Certificat d'université en médiation civile et commerciale
7681,"1034",Certificat d'université en Médiation animale et relations à la nature
7682,"1035",Certificat d'université en Médecine scolaire
7683,"1036",Certificat d'université en Médecine d'urgence
7684,"1037",Certificat d'université en Mathématiques Computationnelles
7685,"1038",Certificat d'université en Matériaux Avancés
7686,"1039",Certificat d'université en Management Qualité Sécurité Environnement (QSE)
7687,"1040",Certificat d'université en Management des entreprises sociales
7688,"1041",Certificat d'université en management de la sécurité des systèmes d'information (INFOSAFE)
7689,"1042",Certificat d'université en management de la sécurité des aliments
7690,"1043",Certificat d'université en Kinésithérapie pédiatrique
7691,"1044",Certificat d'université en introduction aux systèmes logiciels
7692,"1045",Certificat d'université en intervention auprès des enfants et des adolescents à hauts potentiels en difficulté 
7693,"1046",Certificat d'université en internat vétérinaire approfondi 
7694,"1047",Certificat d'université en Initiation de la recherche sur les systèmes de santé (RSS)
7695,"1048",Certificat d'université en Implantologie
7696,"1049",Certificat d'université en Immuno-allergologie clinique
7697,"1050",Certificat d'université en Hématologie clinique
7698,"1051",Certificat d'université en gouvernance d'entreprise
7699,"1052",Certificat d'université en gestion des voies respiratoires de l'enfant
7700,"1053",Certificat d'université en gestion des sols pollués
7701,"1054",Certificat d'université en gestion de la formation et du changement dans les organisations
7702,"1055",Certificat d'université en Gestion de dispositifs techno-pédagogiques innovants 
7703,"1056",Certificat d'université en Gestion de Cycle du Projet et approche de Gestion Axée Résultats
7704,"1057",Certificat d'université en gestion animalière
7705,"1058",Certificat d'université en gestion administrative et formelle de la propriété intellectuelle
7706,"1059",Certificat d'université en formation de formateur d'adultes
7707,"1060",Certificat d'université en fondements de la Qualité
7708,"1061",Certificat d'université en fiscalité des personnes
7709,"1062",Certificat d'université en fiscalité des entreprises
7710,"1063",Certificat d'université en expertise judiciaire en matière d'environnement 
7711,"1064",Certificat d'université en expertise comptable approfondie
7712,"1065",Certificat d'université en expertise comptable
7713,"1066",Certificat d'université en évaluation des risques agro-alimentaires et environnementaux 
7714,"1067",Certificat d'université en épidémiologie clinique et en économie de la santé
7715,"1068",Certificat d'université en Endodontie
7716,"1069",Certificat d'université en Endocrinologie de la reproduction (REBIC)
7717,"1070",Certificat d'université en Endocrinologie 
7718,"1071",Certificat d'université en Economie des systèmes de santé (ECOSYS)
7719,"1074",Certificat d'université en Développement et Coopération internationale
7720,"1075",Certificat d'université en Développement Durable et conception architecturale 
7721,"1076","Certificat d'université en développement de compétences  : se réaliser au travail, faire émerger ses forces"
7722,"1077",Certificat d'université en Dentisterie pédiatrique
7723,"1078",Certificat d'université en dentisterie équine
7724,"1079",Certificat d'université en criminologie et police
7725,"1080",Certificat d'université en criminalistique et psychiatrie judiciaire
7726,"1081",Certificat d'université en Contrôle de la chaine alimentaire
7727,"1082",Certificat d'université en compétences transversales
7728,"1083",Certificat d'université en communication interne
7729,"1084",Certificat d'université en chirurgie implantaire
7730,"1085",Certificat d'université en biologie marine
7731,"1086",Certificat d'université en Bioéthique de la santé
7732,"1087",Certificat d'université en aspects avancés des systèmes logiciels (HJ)
7733,"1088",Certificat d'université en aspects avancés des systèmes logiciels (HD)
7734,"1089",Certificat d'université en anesthésie locorégionale
7735,"1090",Certificat d'université en Algologie pédiatrique
7736,"1091",Certificat d'université en Agriculture Urbaine et Péri-Urbaine 
7737,"1092",Certificat d'université en accompagnement de l'accrochage scolaire et social
7738,"1093","Certificat d'université en ""Etude du terrorisme et de la Radicalisation"""
7739,"1094",Certificat d'université d'expert en radioprotection 
7740,"1095",Certificat d'université d'échographie thyroïdienne
7741,"1096",Certificat d'université de spécialisation en didactique des langues
7742,"1097",Certificat d'université de préparation du projet doctoral
7743,"1098",Certificat d'université de mise en oeuvre de formations utilisant efficacement les TIC en milieu associatif (CERTICA) 
7744,"1099",Certificat d'université de médecine scolaire - Promotion de la santé à l'école
7745,"1100",Certificat d'université de Formation intensive en FLES
7746,"1101",Certificat d'université de formation en gestion et organisation de la médecine générale au sein des soins de santé primaires
7747,"1102",Certificat d'université de formation complémentaire en développement durable
7748,"1103",Certificat d'université de formation à l'expertise judiciaire en matière de construction
7749,"1104",Certificat d'université de Conseiller en Substances Dangereuses
7750,"1105",Certificat d'université de Conseiller en Prévention de niveau 1
7751,"1106",Certificat d'université d'enseignement spécifique en médecine générale
7752,"1107",Certificat d'université d'échographie rhumatologique
7753,"1108",Certificat d'université Agréation radiations ionisantes
7754,"1109",Certificat d'université à la pleine conscience - Mindfulness
7755,"1110",Certificat d'université : Théologie pastorale 
7756,"1111",Certificat d'université : Théologie (fondements)
7757,"1112",Certificat d'université : Statistique et sciences des données
7758,"1113",Certificat d'université : Soins pharmaceutiques 
7759,"1114",Certificat d'université : Sexologie clinique appliquée
7760,"1115",Certificat d'université : Sciences des religions
7761,"1116",Certificat d'université : Santé mentale en contexte social : multiculturalité et précarité 
7762,"1117",Certificat d'université : Relations internationales et analyse des conflits
7763,"1118",Certificat d'université : Psychologie de la performance sportive 
7764,"1119",Certificat d'université : Pratiques cliniques et Institution
7765,"1120",Certificat d'université : Pratique professionnelle des assurances 
7766,"1121",Certificat d'université : Planification patrimoniale
7767,"1122",Certificat d'université : Personal training
7768,"1123",Certificat d'université : Pastorale liturgique et sacramentelle
7769,"1124",Certificat d'université : Pastorale de la santé 
7770,"1125",Certificat d'université : Normes IAS / IFRS 
7771,"1126",Certificat d'université : Neuroréhabilitation fonctionnelle et intensive (Orientation pédiatrique)
7772,"1127",Certificat d'université : Médecine scolaire 
7773,"1128",Certificat d'université : Médecine maternelle périnatale 
7774,"1129",Certificat d'université : Mandataires de crise 
7775,"1130",Certificat d'université : Management humain innovant 
7776,"1131",Certificat d'université : Management des ressources humaines 
7777,"1132",Certificat d'université : Management des associations sans buts lucratifs
7778,"1133",Certificat d'université : Life coaching
7779,"1134",Certificat d'université : Leadership collaboratif 
7780,"1135",Certificat d'université : Kinésithérapie respiratoire
7781,"1136",Certificat d'université : Kinésithérapie en périnéologie 
7782,"1137",Certificat d'université : Kinésithérapie en neurologie adulte 
7783,"1138",Certificat d'université : Junior data analyst 
7784,"1139",Certificat d'université : Islamic finance 
7785,"1140",Certificat d'université : Interv. psychol. basées sur la pleine conscience - Enfants/Adolescents/Parents
7786,"1141",Certificat d'université : Interv. psychol. basées sur la pleine conscience - Adultes
7787,"1142",Certificat d'université : Interprétation de conférence 
7788,"1143",Certificat d'université : International supply chain management 
7789,"1144",Certificat d'université : International Executive MBA
7790,"1145",Certificat d'université : Initiation à l'actuariat
7791,"1146",Certificat d'université : Hippothérapie
7792,"1147",Certificat d'université : Gestion hospitalière
7793,"1148",Certificat d'université : Gestion et pratique de l'impôt des sociétés 
7794,"1149","Certificat d'université : Gestion des droits intellectuels : stratégie, contrats et fiscalité de l'innovation "
7795,"1150",Certificat d'université : Gestion de l'innovation
7796,"1151",Certificat d'université : Géomatique appliquée
7797,"1152",Certificat d'université : Finance quantitative et ALM
7798,"1153",Certificat d'université : Expertise médicale et médecine d'assurance 
7799,"1154",Certificat d'université : Exercise therapy
7800,"1155",Certificat d'université : Exercise medicine
7801,"1156",Certificat d'université : Executive Master en internal audit
7802,"1157",Certificat d'université : Executive Master en business coaching 
7803,"1158",Certificat d'université : Econométrie
7804,"1159",Certificat d'université : Droit et financement des pensions
7805,"1160",Certificat d'université : Droit des assurances
7806,"1161",Certificat d'université - Executive Master in transport and logistics
7807,"1162",Certificat d'université - Executive Master in sustainable Hydraulic Structures
7808,"1163",Certificat d'université - Executive Master in Co-Creative Innovation
7809,"1164",Certificat d'université  - Executive Master en productions animales durables
7810,"1165",Certificat d'Executive Program in IT Business Agility
7811,"1166",Certificat d'Executive Master in Risk and Cybersecurity
7812,"1167",Certificat d'Executive Master in IT Management
7813,"1168",Certificat d'Executive Master in Finance 
7814,"1169",Certificat d'Executive Master in Accounting & Audit 
7815,"1170",Certificat de l'Executive Program in Security Governance
7816,"1171",Certificat de l'Executive Program in IT Sourcing
7817,"1172",Certificat de l'Executive Program in IT Management Consulting 
7818,"1173",Certificat de l'Executive Program in Enterprise and IT Architecture
7819,"1174",Certificat de l'Executive Program in Cybersecurity
7820,"1175",Certificat de l'Executive Program in CIO Practices
7821,"1176",Certificat de l'Executive Program in CIO Leadership
7822,"1177",Certificat de l'Executive Master in Information Security
7823,"1178",Certificat de didactique de l'enseignement en immersion
7824,"1179",Certificat d'université en Société et Laïcité 
7825,"1180","Certificat d'université en Psychothérapie familiale, conjugale et approches systèmiques"
7826,"1181",Certificat d'université en Maîtrise spéciale en Management environnemental
7827,"1182",Certificat d'Executive Master in Business Administration 
7828,"1183",Certificat d'université en expertise psycho-légale 
7829,"1184",Advanced Master in Quantitative Finance
7830,"1185",Advanced Master in Innovation & Strategic Management
7831,"1186",Advanced Master in Innovation & Entrepreneurship
7832,"1187",Advanced Master in Financial Markets
7833,"1188",Advanced Master in Creativity & Marketing
7834,"1191",Agrégation de l'Enseignement Secondaire Supérieur
7835,"1201",Spécialisation en approche communautaire et collective de l'action sociale
7836,"1202",Spécialisation : coordination des services généraux
7837,"1203",Master de spécialisation en biologie clinique
7838,"1211",Certificat d'Université en Interprétation en contexte juridique : milieu judiciaire et secteur des demandes d'asile
7839,"1212",Certificat d'Université - Spécialisation en phonétique et psycholinguistique cliniques
7840,"1213",Certificat d'Université - Spécialisation en pédagogie de l'oral pour l'enseignement-apprentissage des langues étrangères
7841,"1214",Certificat d'Université - Spécialisation en méthodologie de l'immersion linguistique
7842,"1215",Certificat d'Université d'Executive Master en Management de l'Innovation
7843,"1216",Certificat d'Université en Intelligence artificielle
7844,"1217",Certificat d'Université de bases en économie
7845,"1218",Certificat d'Université de bases en finance
7846,"1219",Certificat d'Université en stratégies financières
7847,"1220",Certificat d'Université de bases en management et marketing
7848,"1221",Certificat d'Université en stratégie en management et marketing
7849,"1222",Certificat d'Université en audit
7850,"1223",Certificat d'Université en management des ressources humaines
7851,"1224",Certificat d'Université en marketing
7852,"1225",Certificat d'Université en finance
7853,"1226",Certificat d'Université en management du non-marchand
7854,"1227",Certificat d'Université en finances publiques et fiscalité
7855,"1228",Certificat d'Université en management environnemental
7856,"1229",Certificat d'Université en entrepreneuriat et gestion d'entreprise
7857,"1230",Certificat d'Université en gestion internationale
7858,"1231",Certificat d'Université d'Executive Master en e-Entrepreneurship
7859,"1232",Certificat d'Université en Orthopédagogie Clinique
7860,"1233",Certificat d'Université en Psychothérapie Emotivo-Cognitivo-Comportementale
7861,"1234",Certificat d'Université en approche neuropsychologique et logopédique des troubles des apprentissages scolaires de l'enfant et de l'adolescent 
7862,"1235",Certificat d'Université en médiation (médiation familiale; médiation civile; médiation commerciale et sociale)
7863,"1241","Master de spécialisation en science des données, big data"
7864,"1251",L'intervention systémique dans l'abord familial et institutionnel
7865,"1252",Thérapie manuelle orthopédique
7866,"1253",Certificat en E-communication
7867,"1254",Certificat en gestion des data center
7868,"1255",Certificat d'université d'executive Master en Data Science
7869,"1256",Certificat d'université en Victimologie Clinique : Approches psychocriminologique  et légale
7870,"1257",Certificat d'université : compétence en chirurgie maxillo-faciale
7871,"1258",Certificat d'université : compétence en neuropédiatrie
7872,"1259",Certificat d'université : compétence en pathologie professionnelle
7873,"1260",Certificat d'université : compétence en soins d'urgence
7874,"1261",Certificat d'université : compétence en soins intensifs
7875,"1262","Certificat d'université de radiothérapie et prise en charge oncologique : options ""dosimétrie"" et ""infirmier(e)"" en radiothérapie"
7876,"1263","Certificat d'université : Assurance qualité appliquée aux laboratoires et industries chimiques, phamarceutiques et biotechnologies"
7877,"1264",Certificat d'université en Pratique d'éducation thérapeutique du patient
7878,"1265",Certificat d'université en ingénierie de l'activité et de la préparation physique
7879,"1266",Certificat d'université en orthopédie et revalidation des équidés
7880,"1267",Certificat d'université - Executive Master en gestion et droit de l'entreprise
7881,"1268",Certificate of university - OpenBordersMBA
7882,"1269",Certificat d'université - Executive Master en comptabilité OHADA et aspects  de droit OHADA
7883,"1270","Certificat d'université : ""Enjeux humains des nouveaux modes de travail"""
7884,"1271","Certificat d'université : ""Les fondamentaux de la vente en entreprise"""
7885,"1272",Certificat d'université - Executive Master in sciences and management of the environment
7886,"1273",Certificat d'université en « Fiabilité des systèmes de transport »
7887,"1274",Certificat d'université en arômes alimentaires et innovation
7888,"1275",Certificat d'université en Tutorat à Distance
7889,"1276",Certificat interuniversitaire en conception et gestion des systèmes de formation : les ingénieries dans les systèmes de formation
7890,"1277",CEFLES
7891,"1278","Certificat d'université ""Le Building Information Modeling pour petites et moyennes structures"""
7892,"1279",Certificat d'université en littérature de jeunesse
7893,"1280",Certificat d'université interfacultaire de développement pédagogique en enseignement supérieur
7894,"1281",Certificat en accompagnement des personnes âgées
7895,"1282",Certificat d'infirmier ayant une expertise particulière en soins palliatifs
7896,"1283",Lactation humaine
7897,"1284",Médiation sociale
7898,"1285",Certificat de Conseiller en prévention niveau 1
7899,"1291",Certificat en didactique du cours de philosophie et de citoyenneté
7900,"1301",Certificat en biosécurité
7901,"1311",Doctorat
7902,"1321",Master de spécialisation en philosophie et théories politiques
7903,"1322",Bachelier en assurances et gestion du risque
7904,"1323",Master de spécialisation en approche interdisciplinaire des droits de l'enfant
7905,"1324","Bachelier en gestion hôtelière, orientation arts culinaires"
7906,"1325","Bachelier en gestion hôtelière, orientation management"
7907,"1326",Bachelier de spécialisation en business data analysis
7908,"1327",Master en sales management
7909,"1328",Master de spécialisation en économie sociale
7910,"1329",Master de spécialisation en entreprises et politiques économiques européennes
7911,"1330",Bachelier de spécialisation d'intervenant en thérapie familiale systémique
7912,"1331",Master one health - gestion de la santé publique et animale
7913,"1332",Bachelier : hygiéniste bucco-dentaire
7914,"1333","Bachelier en informatique et systèmes, orientation robotique"
7915,"1334",Master in molecular microbiology
7916,"1335","Master en sciences géographiques, orientation géomatique"
7917,"1336","Master en sciences géographiques, orientation global change"
7918,"1337",Master de spécialisation en cosmos exploration
7919,"1338",Master de spécialisation interdisciplinaire en sciences et gestion de l'environnement et du développement durable
7920,"1339","Bachelier en aérotechnique, orientation pilotage d'aéronefs"
7921,"1340",Bachelier en génie électrique
7922,"1341","Bachelier en prévention, sécurité industrielle et environnement"
7923,"1342","Master en sciences de l'ingénieur industriel, orientation physiques nucléaire et médicale"
7924,"1343","Master en sciences de l'ingénieur industriel, orientation ingénierie de la santé"
7925,"1344","Master en sciences de l'ingénieur industriel, orientation technologies des données du vivant"
7926,"1345",Bachelier de spécialisation en innovation en textiles et surfaces souples
7927,"1346","Master en arts plastiques, visuels et de l'espace : art performance"
7928,"1347","Master en arts plastiques, visuels et de l'espace : design d'innovation sociale"
7929,"1348","Master en arts plastiques, visuels et de l'espace : textes et création littéraire"
7930,"1349",Bachelier en musique : lutherie
7931,"1350",Bachelier en musique : rythmes et rythmiques
7932,"1351",Master en danse : danse et pratiques chorégraphiques
7933,"1352",Master de spécialisation en cultures et pensées cinématographiques
7934,"1353","Bachelier en sciences philosophique, politique et économique"
7935,"1354",Master en art et créations sonores
7936,"1355",Master en art de la marionnette
7937,"1361",Certificat en e-tourisme et marketing digital
7938,"1362",Certificat d'université en animation des dispositifs d'analyse des pratiques
7939,"1371",Certificat d'aptitudes pédagogiques
7940,"1381",Certificat interuniversitaire en Électronique de l'Énergie
7941,"1382",Certificat d'université en Connaisances juridiques pour le traducteur et/ou l'interprète juré
32704,"1451",Master de spécialisation en génétique clinique
32800,"1411",Bachelier en techniques de l'image
32801,"1412",Bachelier en agronomie
32802,"1413",Bachelier en aérotechnique
32803,"1414",Bachelier en chimie
32804,"1415",Bachelier en électromécanique
32805,"1416",Bachelier en informatique et systèmes
32806,"1417",Bachelier en techniques graphiques
32807,"1431",Bachelier en gestion hôtelière (tronc commun)
33271,"1501",Agrégé de l'enseignement secondaire supérieur
33272,"1502",Master en facility management
33275,"1503",Bachelier en automatisation
33277,"1504",Bachelier en domotique
33281,"1511",Bachelier : sales account manager
33283,"1512",Bachelier de spécialisation : expertise comptable et fiscales
33284,"1513",Bachelier de spécialisation : gestion d'entreprise d'économie sociale
33285,"1514",Bachelier de spécialisation : cadre du secteur non-marchand
33286,"1515",Bachelier de spécialisation : sciences fiscales
33287,"1516",Bachelier de spécialisation : psychopathologie
33288,"1517",Bachelier de spécialisation : intervention systémique et travail social
33289,"1518",Bachelier de spécialisation : médiateur
33290,"1519",Bachelier de spécialisation : gérontologie
33291,"1520",Bachelier de spécialisation : cadre de santé
33292,"1521",Bachelier de spécialisation : conseiller en environnement
33910,"1651",Master en sciences infirmières
33921,"1661",Master de spécialisation en études africaines
33924,"1662",Master en stratégie de la communication et culture numérique
33927,"1663",Master de spécialisation interdisciplinaire en études européennes
33931,"1664",Master de spécialisation en droits humains
33933,"1665",Bachelier en international business
33936,"1666",Bachelier en optométrie
34050,"1667",Bachelier de spécialisation en gestion et préservation de linformation
43285,"1831",Bachelier en éco-solidarité
43286,"1832","Bachelier de spécialisation en arts plastiques, visuels et de l'espace : publicité - conception - rédaction"
43287,"1833","Bachelier en arts plastiques, visuels et de l'espace : design numérique"
43288,"1834","Master en arts plastiques, visuels et de l'espace : design numérique"
43289,"1835",Master en musique : viole d'amour
43290,"1836",Master en danse : interprétation
43291,"1837",Bachelier en danse : interprétation
43292,"1838",Bachelier en biopharmaceutique
43293,"1839",Bachelier en bioqualité
43294,"1840",Bachelier de spécialisation interdisciplinaire en technologies de la santé
43295,"1841",Bachelier en 3D temps réel
43296,"1842",Bachelier en activité physique inclusive et prévention santé
43297,"1843",Bachelier en éco-design produits
43298,"1844",Bachelier en jeu vidéo
43299,"1845",Master en gestion intelligente des bâtiments
43300,"1846",Master en jeu vidéo
43301,"1847",Master en expertise comptable et fiscale
43302,"1848",Bachelier de spécialisation en agroécologie
43303,"1849",Bachelier de spécialisation en digital integrated supply chain
43305,"1851","Bachelier en agronomie, orientation systèmes alimentaires durables et locaux"
43306,"1852",Master en expertise comptable et fiscale
43307,"1853",Master en expertise comptable et fiscale
43308,"1854",Master en orthopédagogie clinique
43350,"1855","Master de spécialisation en science de la santé publique - analyse et évaluation des politiques, programmes et systèmes de santé internationale"
43352,"1856",Master de spécialisation en nexus eau-énergie-alimentation
43354,"1857",Master de spécialisation en gestion des risques et des catastrophes à l'ère de l'anthropocène
43356,"1858","Master de spécialisation en arts plastiques, visuels et de l'espace : design d'innovation sociale"
43358,"1859",Master de spécialisation en gestion intégrée des risques sanitaires
